EventID,Timestamp,UserID,IPAddress,Action,DurationMs,ErrorCode,Region,Thread,BytesIn
43a43028-7b8d-462a-96e0-2f0e058db806,2024-01-30T05:34:00Z,U01147161,19.113.20.222,GET,11419,500,us-west-2,T0621,57535
da8a4100-92d4-4561-b3bb-344e2cb80fc3,2024-01-30T16:09:05Z,U00222559,1.57.98.215,DELETE,15296,0,us-east-2,T0727,4133
a71a1505-9391-4c20-a507-a51a2037cd97,2024-01-30T12:30:09Z,U01645472,63.125.190.239,PATCH,13783,0,ap-south-1,T0808,18141
891cd37a-263c-48f3-bf79-9d08cdf6d9b0,2024-01-30T22:41:46Z,U00308319,219.162.146.202,PATCH,17253,0,us-east-2,T0704,27318
4d373fd2-433b-461f-8ea2-8908b94c70f5,2024-01-30T03:46:26Z,U01026253,158.121.97.201,PUT,18016,500,us-east-1,T0923,16816
60526a08-45cc-4e53-8930-fd7dbd2c368e,2024-01-30T15:04:28Z,U01170536,162.241.71.42,PUT,24263,0,eu-north-1,T0279,15235
ccc36068-d4b3-4477-9c19-c97ca7060bc4,2024-01-30T23:36:05Z,U00114045,239.72.207.39,GET,27782,0,ca-central-1,T0334,15105
b64f6703-86c6-4c58-a10b-1ce4b3b3aa48,2024-01-30T07:37:47Z,U00706866,21.151.100.53,PUT,28042,0,us-east-2,T0008,64693
2a2cf707-8675-4515-b808-2dcc281a24e7,2024-01-30T03:43:10Z,U01754119,75.223.25.228,GET,12900,0,ap-southeast-1,T0491,21167
c7097b2a-c46d-4394-bcdd-2d39d93a5b41,2024-01-30T20:25:55Z,U00373799,201.177.251.254,GET,24003,0,ap-southeast-1,T0625,60762
54c77f9d-99e7-4fbe-9bc7-abc724f0ad36,2024-01-30T01:58:04Z,U01806957,106.24.76.88,GET,11348,0,me-south-1,T0131,61222
019b0134-05a1-46fd-8f9a-3ec405025127,2024-01-30T20:35:34Z,U00312070,211.57.183.230,PATCH,27854,500,ca-central-1,T0741,13506
9f4ddd6f-ef8e-4a2b-81a1-48ec2dc8e5f5,2024-01-30T10:02:16Z,U01473797,242.59.119.53,DELETE,22410,0,ap-southeast-1,T0790,12841
95a7ce39-1338-4a92-8346-b89b4233027c,2024-01-30T11:29:40Z,U00035029,34.227.99.29,POST,27032,0,ap-south-1,T0835,54201
c9a40d6d-4c7a-4413-ba97-f9d9a813873a,2024-01-30T04:04:21Z,U01828498,22.88.105.177,GET,9728,0,eu-west-1,T0677,36739
75afd2c6-953a-4e34-9cc9-4657055b5b31,2024-01-30T09:24:55Z,U01533570,232.215.54.98,DELETE,14718,0,us-east-2,T0744,45725
9fe47809-d48a-4d65-bbed-781581c89efb,2024-01-30T18:30:35Z,U00210372,138.192.124.214,GET,16891,500,us-west-2,T0065,36307
9bd1d6fc-0ec4-4eb6-9820-bfc179fd7e62,2024-01-30T02:56:43Z,U00778105,85.142.77.119,GET,8033,0,sa-east-1,T0498,40784
65e221ce-5736-4be5-af60-cf16be3b3fe2,2024-01-30T04:50:46Z,U00864003,175.172.44.88,PUT,16124,0,ap-southeast-1,T0576,20191
8c3491c5-9388-436d-ac94-bf2d595ce836,2024-01-30T03:46:16Z,U00627570,214.82.16.30,DELETE,8023,403,ap-southeast-1,T0718,54093
4a9a319d-4a29-469d-8cbc-2486a00990ea,2024-01-30T01:10:17Z,U00254888,48.230.153.122,POST,5956,401,me-south-1,T0549,3502
32f5a8ca-e722-449d-bdfa-8c5995d968f0,2024-01-30T03:41:12Z,U00949944,100.142.169.134,POST,22051,404,us-east-1,T0398,64843
f11b92c1-8b4e-48ec-a00f-04d226d96b7b,2024-01-30T15:01:34Z,U01422932,53.57.234.59,PATCH,25352,403,ap-south-1,T0625,3038
ed1aa023-a80c-4912-9cd1-38e3210ca48d,2024-01-30T03:46:33Z,U01121353,239.177.7.96,DELETE,7182,404,ca-central-1,T0168,38539
125959fc-724d-4cdf-8939-f138bcfc4bfe,2024-01-30T17:22:50Z,U00203227,154.45.249.250,GET,657,403,eu-west-1,T0274,58180
e2d97a52-4297-4968-b547-534413a950f4,2024-01-30T06:30:40Z,U00262822,73.96.255.179,POST,8763,500,ap-southeast-1,T0400,6830
77df3323-8630-4809-9b1e-ea554b567ae6,2024-01-30T14:07:19Z,U01379539,179.111.83.41,POST,25168,400,us-east-2,T0502,53265
a6c9a9ee-d263-4260-b571-8400d9efbe0b,2024-01-30T15:03:05Z,U01487201,222.186.217.154,POST,28782,0,us-east-1,T0422,58927
1550aa1e-f7dc-4887-83d7-5884bd3f3e2c,2024-01-30T02:13:47Z,U00646799,62.15.114.223,DELETE,11385,403,sa-east-1,T0587,18633
7fd0c418-e4f3-4a1c-871e-c63608245bbe,2024-01-30T06:41:43Z,U01151501,177.146.249.111,POST,19616,401,ap-northeast-1,T0749,16743
13b6379b-3473-48ec-b64b-1f30b7affcfd,2024-01-30T19:57:50Z,U01218089,113.63.7.112,PATCH,16132,0,ca-central-1,T0343,285
2c28f8ce-efb7-44a3-bb5c-8878df109c66,2024-01-30T22:00:59Z,U00324901,100.170.225.32,GET,3814,0,us-east-2,T0451,17997
fe928690-7581-4faf-828b-80ea69e9fc14,2024-01-30T21:47:16Z,U01488970,251.217.180.196,POST,18637,400,me-south-1,T0230,55002
030cc2a8-35d0-4733-810d-3542d9ee0c8c,2024-01-30T10:24:19Z,U00980380,90.67.174.13,GET,14205,0,eu-north-1,T0654,53182
4b45dab1-3d67-40dd-977f-3dee0ebbbe5c,2024-01-30T01:04:00Z,U01353530,197.129.92.159,GET,7315,0,eu-west-1,T0340,18687
e818cfa9-0b0b-48ea-8185-da2fdc43e48f,2024-01-30T10:54:37Z,U01930849,212.127.137.184,PUT,27933,503,sa-east-1,T0234,25583
7296c3f4-7be9-4ff8-bd5f-9bed3c626966,2024-01-30T18:31:06Z,U01697545,113.27.146.249,GET,6485,0,eu-west-1,T0807,2008
d4ba2a64-5b22-4c83-8249-2b38b220fc0c,2024-01-30T23:52:15Z,U01523356,67.243.227.251,DELETE,7953,0,us-east-1,T0807,47060
59c72147-c832-49fa-a31a-962a5e74d1c5,2024-01-30T05:14:28Z,U01034804,239.130.67.184,PATCH,14784,0,ap-southeast-1,T0736,33609
4d6562c8-e308-489f-a0d6-b38404aeaf1a,2024-01-30T04:17:11Z,U01983892,171.46.32.32,GET,8409,0,ca-central-1,T0504,50772
b24dbcf6-0ed6-4f37-be60-703ab733b9b5,2024-01-30T11:05:12Z,U00956605,12.242.222.247,POST,21166,0,eu-north-1,T0888,3624
c6d44338-9e8b-4c21-85d1-b3746f4a4548,2024-01-30T00:57:54Z,U01061760,243.94.75.80,PUT,18316,0,eu-north-1,T0772,58714
7bf3b276-1d11-4e70-ba63-c2dc5878dd78,2024-01-30T07:32:16Z,U01001149,36.7.223.134,PUT,12505,0,us-west-2,T0049,51379
70d629df-5b8f-4e33-a254-f9bcf54e4dbc,2024-01-30T16:18:31Z,U01864643,159.121.37.8,PUT,13576,0,us-east-2,T0141,39100
ba1a6a59-cf6e-41ce-a699-8cc74065f1ad,2024-01-30T04:03:42Z,U01652369,251.216.54.228,DELETE,21428,403,us-west-2,T0632,24288
25f978bd-6486-4516-b5b9-c2656a409e37,2024-01-30T19:56:26Z,U00423202,212.131.42.120,GET,26323,0,eu-west-1,T0688,23844
def55f08-3b92-4732-9d66-40b8ffe31411,2024-01-30T16:36:19Z,U00225570,119.254.70.82,DELETE,20894,0,sa-east-1,T0858,3076
4aa18e3e-0cd1-46af-a29c-5d4d28aba86e,2024-01-30T13:00:43Z,U01429817,52.30.105.85,GET,15961,0,eu-central-1,T0643,61181
eeabe9b2-fa27-4d1e-8042-5b901eff8e0f,2024-01-30T04:43:58Z,U01912294,73.161.147.67,GET,29970,0,us-east-2,T0153,6738
8e599709-f7b3-4e12-bfa9-1d9734d7cfb0,2024-01-30T10:16:45Z,U01507354,112.98.90.238,GET,8674,0,ca-central-1,T0972,29648
3f5699d3-c285-4de1-982c-5e92b7f6e6ce,2024-01-30T06:27:44Z,U01843485,118.37.23.40,GET,13190,0,sa-east-1,T0798,21065
d4a30e36-2538-4c73-947a-f9adec97b8d5,2024-01-30T00:49:33Z,U00319355,31.24.109.219,PATCH,27620,400,us-west-2,T0691,43294
f4bb5d72-64ff-4fd4-93d8-02261bb97500,2024-01-30T21:31:39Z,U01385469,45.93.62.90,PUT,12298,503,ap-south-1,T0363,42928
1f88db56-e66e-44b8-b709-5c4992f2fcdc,2024-01-30T19:11:11Z,U01931765,231.251.142.182,DELETE,26892,503,us-west-2,T0351,12881
5c93b9d0-2980-4ea4-af91-1c9687d1ebd7,2024-01-30T19:34:55Z,U01824620,219.126.225.14,PATCH,5074,0,ca-central-1,T0251,26211
3d98afd3-cf03-4832-a7bb-087b54a68535,2024-01-30T23:30:33Z,U01398433,51.29.243.99,POST,6016,404,ap-northeast-1,T0298,30308
519a52f1-2b58-4789-8fff-f5e22759fb32,2024-01-30T22:51:22Z,U01852273,93.217.119.202,DELETE,23413,0,me-south-1,T0548,21683
792fed9a-35eb-45f0-a2c5-2ff1358c1227,2024-01-30T11:49:35Z,U00171750,135.238.241.50,PUT,29889,403,sa-east-1,T0003,56307
22dde876-544f-49c1-84c9-4b3bc0da174f,2024-01-30T12:22:37Z,U01033611,240.145.199.39,POST,10519,401,ap-southeast-1,T0542,62467
9873edb9-5264-42a4-8f23-4d0be5535209,2024-01-30T16:32:46Z,U00079795,179.111.25.120,GET,29963,0,ap-south-1,T0623,56761
28678466-407d-40e7-83e8-ec57f769709a,2024-01-30T20:34:38Z,U00810474,66.154.10.77,DELETE,13345,503,sa-east-1,T0334,62328
1a7d8a4f-237b-4823-9341-d51a6b9caed4,2024-01-30T20:24:20Z,U00273769,1.48.148.51,DELETE,2803,400,sa-east-1,T0243,59285
81071258-c291-48c1-9540-32972ff3ba94,2024-01-30T11:49:31Z,U01976560,229.62.115.1,DELETE,19464,500,us-east-1,T0710,24565
e840755d-0a97-408e-93b2-81972a42520d,2024-01-30T21:27:56Z,U01593308,79.80.166.25,GET,5583,403,ca-central-1,T0586,63029
7a2d438d-fce0-42da-9313-780d0575df3b,2024-01-30T11:16:19Z,U01732899,106.244.38.135,POST,8397,0,ap-southeast-1,T0110,3528
fb7944de-7877-4e12-995d-99f89a715beb,2024-01-30T09:41:47Z,U01005755,253.235.203.175,GET,23151,0,us-east-2,T0297,51456
6ba0f898-7ba5-4dcb-bdb5-de75b25fd7b8,2024-01-30T21:18:51Z,U00806446,113.114.140.15,GET,22274,0,me-south-1,T0774,38260
3d55f775-7a9f-4b65-aecb-a0e55af2cd5b,2024-01-30T14:04:28Z,U01508757,127.93.193.110,POST,16285,403,eu-central-1,T0908,9842
b07df7e3-da2c-4fee-819a-5d83cb9f2d6a,2024-01-30T02:26:58Z,U00218136,100.5.177.207,PUT,25289,400,us-east-2,T0066,49026
ff7d6179-2f79-4089-8039-27010af90719,2024-01-30T02:06:56Z,U01749962,186.27.39.94,DELETE,14042,403,ap-southeast-1,T0334,2748
10269fea-028e-4d25-a542-9ae4c94da782,2024-01-30T04:29:47Z,U01384576,4.255.106.192,GET,18948,0,eu-central-1,T0345,28814
531622b0-d728-49cc-879e-376c8ea821b3,2024-01-30T15:58:31Z,U00355043,13.150.102.237,GET,28629,403,eu-north-1,T0277,57784
c7b3ab14-655d-4cf4-9fa6-62611bb34c4c,2024-01-30T16:46:07Z,U00209889,99.81.155.112,PUT,20715,404,ap-southeast-1,T0833,130
2ef22d64-f2ed-4bbc-b04e-94d0b8b14a2d,2024-01-30T19:10:17Z,U01077841,109.208.136.111,POST,23890,400,eu-central-1,T0441,63935
c4cb84f9-d633-4457-b9d1-324f7446fe3b,2024-01-30T07:38:15Z,U00122867,18.203.101.97,POST,13125,0,us-west-2,T0298,20383
1877e1eb-dc9c-4110-940c-7cacdf39a3f8,2024-01-30T08:44:28Z,U01557384,7.13.222.167,DELETE,9479,0,us-east-1,T0790,56496
22d7d63a-68f2-46c1-8f14-f740df49e185,2024-01-30T12:05:42Z,U00396178,107.65.127.122,POST,12184,401,ap-southeast-1,T0002,35735
75102d9d-63b4-460c-be41-1ce94ac5a23f,2024-01-30T08:57:40Z,U01248685,75.101.255.101,PUT,19960,0,us-west-2,T0451,49518
d9196c12-5788-4b6d-ba28-eee1e565a8ba,2024-01-30T09:48:19Z,U00398450,236.224.160.32,DELETE,8103,0,eu-west-1,T0293,13139
92ddb078-2e1d-4da2-8148-e016e5753f7a,2024-01-30T23:01:24Z,U00194188,239.239.200.227,DELETE,28501,404,ap-northeast-1,T0680,16199
0411d395-e84b-446e-8750-7221a44ce2bd,2024-01-30T08:40:54Z,U00536268,81.242.118.32,DELETE,11601,403,us-east-2,T0846,19536
ee85408a-3b9e-4bcf-9f36-0d0b8d057f44,2024-01-30T13:18:42Z,U00951833,198.138.200.186,POST,5044,0,us-west-2,T0436,59020
7be47297-e4c0-4267-83a4-69de2c929c1b,2024-01-30T10:55:39Z,U01299405,225.89.120.128,PATCH,27843,400,eu-north-1,T0514,23672
d3e815b0-6c36-4375-8442-11111cb497a4,2024-01-30T19:21:24Z,U01367767,206.37.149.231,PUT,8834,0,us-east-2,T0381,20099
6501d36a-eb52-44cf-b85f-fd2c41865aed,2024-01-30T02:44:07Z,U00214072,43.11.53.131,PATCH,8064,404,ap-northeast-1,T0492,53305
7cec91e5-6916-4e3c-af2d-5703afc38767,2024-01-30T05:47:25Z,U00540911,233.62.175.234,DELETE,26267,503,ap-northeast-1,T0732,6523
24620f32-0a12-4f13-aef4-e9242d977507,2024-01-30T22:10:26Z,U00253197,149.108.163.37,DELETE,24358,0,sa-east-1,T0236,23896
bae8fcf4-b998-4118-ae97-2048c38e34a9,2024-01-30T08:00:51Z,U01862998,184.1.195.63,PUT,11660,0,me-south-1,T0905,20641
7eeb4562-0e44-4754-a29b-f45c87da7ad2,2024-01-30T23:46:12Z,U00415713,155.85.221.129,POST,20916,0,us-east-1,T0123,5334
aaae7eb1-5554-4a96-b35a-bbed10fba5e5,2024-01-30T22:17:56Z,U00978553,160.176.196.173,PUT,19917,0,sa-east-1,T0911,49528
7cb32471-c8d6-4daa-8c30-c8c2ed3aa9ad,2024-01-30T04:44:16Z,U01545466,29.183.227.88,PATCH,27898,0,eu-central-1,T0435,28350
109de3c4-6280-4846-91f5-fe2a3bffa135,2024-01-30T12:49:43Z,U00635230,241.195.59.137,PATCH,7953,404,us-east-2,T0077,18068
8150845a-e26c-468e-ba43-6ba7c7e11be3,2024-01-30T14:47:24Z,U01678218,158.130.115.62,POST,13164,0,ap-south-1,T0135,6077
0e500c60-7464-467a-a4a0-9485a18e7c92,2024-01-30T09:27:25Z,U01254203,206.7.41.49,PATCH,19802,0,eu-west-1,T0156,29552
cf97a940-9084-4f34-b8f9-c6ef28cf1779,2024-01-30T17:35:49Z,U01561784,110.126.143.165,PATCH,16709,403,ap-south-1,T0101,3260
c05b7a9b-34ce-4cff-86ce-02e788b4fb78,2024-01-30T17:21:40Z,U00792658,122.250.253.254,GET,20479,0,ap-south-1,T0370,39758
93f51577-99b1-4d4c-af7b-a5e50ebade7a,2024-01-30T17:30:42Z,U01918651,27.157.199.106,POST,12583,403,eu-west-1,T0777,43848
adad4ac8-c301-4011-9fe6-d919735f3b9a,2024-01-30T19:27:59Z,U01568849,223.166.231.147,POST,16733,400,ca-central-1,T0307,50168
7d8214f6-fa6c-42a8-be54-af7ab45a36e3,2024-01-30T17:05:40Z,U01759949,171.14.15.121,POST,26332,0,ca-central-1,T0766,39520
a14f336e-b2ce-4475-bd6b-9975977f083d,2024-01-30T13:01:32Z,U00659898,198.71.157.174,POST,16595,401,ca-central-1,T0169,13468
3acd7dd6-9b99-4ec3-8622-c6f6d13ad487,2024-01-30T02:52:08Z,U00970252,198.154.117.207,GET,29078,401,ap-southeast-1,T0904,59059
8c5b5c6c-0510-4569-b9af-ec0dd8939763,2024-01-30T17:54:15Z,U00326133,91.54.231.229,POST,29606,0,eu-central-1,T0108,37744
e3bfedf3-f25d-47d4-b36b-efaf029cb3b2,2024-01-30T19:14:52Z,U00234423,240.216.101.192,GET,27023,403,ap-northeast-1,T0938,37791
30868079-ba57-468a-9e64-6e0dc7c898f7,2024-01-30T16:41:28Z,U01325406,107.153.190.203,PATCH,6137,0,ap-south-1,T0533,29682
e7a8f372-219f-4770-b4d9-d41a11e1d3ea,2024-01-30T07:45:21Z,U00307335,166.183.141.47,GET,25362,0,eu-west-1,T0803,22468
ebe64230-26f1-4b4d-ab2e-f743aff22c6c,2024-01-30T20:51:56Z,U00469157,146.230.49.1,GET,8397,0,ca-central-1,T0516,15771
890a63da-42b3-4d0b-8560-70b7147b13ae,2024-01-30T11:33:33Z,U01315090,62.56.82.230,GET,27816,401,ap-northeast-1,T0522,15894
9051889c-7ccc-4c0f-826f-90a1dc30586b,2024-01-30T02:28:40Z,U00855911,89.135.71.24,GET,14816,500,us-east-1,T0730,33444
ea1723bd-070e-43c9-a8de-378e517dd466,2024-01-30T05:20:49Z,U00103308,4.108.175.65,POST,16241,401,ap-southeast-1,T0237,58771
7a939700-3878-4453-bd39-aa2c9a0a50d6,2024-01-30T22:32:12Z,U01928246,133.121.13.223,DELETE,11385,403,eu-central-1,T0795,50058
8de0a62c-8851-46ee-ac6e-40cc666e86c9,2024-01-30T15:46:00Z,U01318561,254.33.149.6,POST,12166,503,eu-north-1,T0999,17887
9571ef3d-6a33-4489-b3b0-912a494e6c79,2024-01-30T21:21:42Z,U01455142,62.84.67.250,DELETE,20779,0,ap-northeast-1,T0591,20745
b6ad7957-21f6-4a8c-b47b-81044cc19bd4,2024-01-30T13:42:44Z,U01448581,113.251.81.90,DELETE,26725,0,eu-west-1,T0765,1771
12732d87-7f03-437e-a9ae-c09f47d1d6cf,2024-01-30T06:04:29Z,U00191162,244.157.7.212,PATCH,6194,503,eu-west-1,T0584,21292
a46822b9-26c4-4a56-95b9-6ae57c11829d,2024-01-30T15:12:48Z,U00852889,30.187.186.27,PUT,6214,0,eu-north-1,T0561,56291
45b70b11-0975-4ff4-bf07-14b8eaa47252,2024-01-30T13:55:03Z,U00792119,23.147.239.28,GET,19221,503,eu-west-1,T0079,10983
1e1b9298-402c-446a-8f00-1cc34e7c1de9,2024-01-30T00:32:20Z,U01976016,169.91.122.98,POST,9663,0,us-west-2,T0350,58455
ad3b229d-def9-499c-bbde-8fbd82573ab9,2024-01-30T05:36:37Z,U00131083,42.39.173.142,PATCH,17075,400,us-west-2,T0036,41601
8830ee88-54b3-43a2-ae37-482622443e8f,2024-01-30T17:51:49Z,U00786335,69.219.59.240,POST,12545,0,me-south-1,T0709,48516
3d332f74-1e70-443d-a1c6-15ed788968e0,2024-01-30T10:34:28Z,U00426626,185.174.85.61,DELETE,13864,0,eu-west-1,T0343,57005
1f725e5f-2f91-4109-a346-e2d2188813ae,2024-01-30T22:41:47Z,U01724814,245.103.66.130,DELETE,27691,503,us-east-1,T0615,5772
6b3f40cd-4db1-43a0-a100-c1c064057d98,2024-01-30T02:43:23Z,U00989057,23.50.193.237,PUT,8504,0,ap-northeast-1,T0713,30403
f21b1450-1f2c-4670-b0c7-a6c69d342037,2024-01-30T19:57:14Z,U00548890,60.75.97.146,PUT,16469,0,ap-southeast-1,T0910,24348
a2d0fb0c-c09a-49f1-bda5-be946bc29cd4,2024-01-30T23:30:46Z,U01915649,41.214.81.200,DELETE,12388,401,us-east-2,T0570,54959
fe2dfc84-2f1e-4a25-a4b1-c6fe95478ee3,2024-01-30T03:35:40Z,U01045222,180.29.166.16,PUT,15690,0,sa-east-1,T0573,64447
f258a4d3-2297-43ac-8349-4f488a2ba52a,2024-01-30T06:33:03Z,U00670828,138.96.112.17,GET,21359,401,eu-north-1,T0217,52312
65628e46-5773-459d-aa00-5ec3a24098ce,2024-01-30T18:31:14Z,U01409230,246.145.162.77,PATCH,5756,403,ap-southeast-1,T0147,56237
56a94d31-3a43-429b-af8d-9ca16b784e94,2024-01-30T20:49:26Z,U00949366,228.253.227.99,POST,14375,0,eu-west-1,T0566,64427
fc41583c-8431-4801-a096-8f6aa7ba7a80,2024-01-30T05:51:13Z,U00819990,248.136.154.218,POST,12958,0,ap-south-1,T0342,62070
0effb79a-9051-4533-bf25-6ce4b1491a59,2024-01-30T02:15:34Z,U01887243,226.217.162.97,POST,26258,0,eu-north-1,T0510,63209
d79520a4-a50c-4184-9378-d4334c51a906,2024-01-30T04:03:07Z,U00090136,210.50.127.188,PUT,17843,0,me-south-1,T0326,14771
87b1900d-05d7-44a4-854d-d1c1a8c973e0,2024-01-30T07:49:48Z,U00665967,150.216.36.182,PUT,28784,0,me-south-1,T0897,61894
95f0dc27-1d08-42b7-bf12-2272378f0a56,2024-01-30T11:59:09Z,U00743951,215.1.229.176,DELETE,16784,500,us-east-1,T0363,36592
c5191243-2341-4788-aac9-e102f14d0710,2024-01-30T00:49:06Z,U00117452,238.145.126.190,PATCH,3368,401,us-east-2,T0523,19865
05429ed5-222b-4a91-8854-d1dab81e5ee4,2024-01-30T19:00:27Z,U00865148,186.121.33.140,PATCH,6560,0,ap-south-1,T0696,8211
998e659a-3f30-4dcb-ba33-b491d0c91189,2024-01-30T21:26:53Z,U00817308,177.114.48.195,POST,9510,503,us-east-1,T0812,5581
d322296a-0949-44a1-a687-69eaa8ad5ffa,2024-01-30T18:42:05Z,U01966492,118.98.36.200,POST,25071,500,sa-east-1,T0213,30537
31938fb5-0936-4cbb-981c-6a34083537cb,2024-01-30T23:00:22Z,U00640517,109.89.45.37,PUT,4636,0,ca-central-1,T0675,5737
321d4603-0a28-4a99-a04e-fa4d5daae51f,2024-01-30T01:13:00Z,U00721777,235.217.86.53,POST,22832,401,us-east-2,T0695,9839
a2792e0d-4677-4d45-bcf1-ab2d8f2a6906,2024-01-30T02:05:02Z,U00893739,20.92.141.219,POST,10572,0,eu-west-1,T0489,56849
3c339be2-679f-43ab-9b28-15305d3264af,2024-01-30T08:09:04Z,U01952805,36.211.158.168,DELETE,29046,0,ap-southeast-1,T0335,51180
6bb71c13-5f68-4e93-8585-8066ef522d82,2024-01-30T20:38:59Z,U00951249,127.164.53.115,PATCH,9319,401,eu-central-1,T0262,47888
f1f19654-89d6-4b42-978a-6f31e3782b68,2024-01-30T01:37:25Z,U00095203,153.128.137.82,PATCH,24583,500,us-east-1,T0511,23784
130da6bd-46fa-400d-b8b5-7ca61615a4d2,2024-01-30T01:35:53Z,U01015594,36.246.237.185,PATCH,21281,0,eu-central-1,T0502,5119
3882ca60-02be-4c94-90b0-d696a0b17dda,2024-01-30T08:44:01Z,U01266235,37.190.98.46,POST,1862,403,ap-southeast-1,T0757,37588
db35a2e8-e3c9-4dd8-a7bd-60f06370c0d1,2024-01-30T01:20:44Z,U00441696,110.252.124.131,PATCH,24092,503,us-west-2,T0576,45940
a604e2d2-aa07-4c0a-9d7e-878d40ba1c34,2024-01-30T07:27:43Z,U01765176,98.230.111.141,DELETE,23142,400,sa-east-1,T0138,59136
da14dd50-f312-4361-aa86-fbc82fa86782,2024-01-30T04:17:19Z,U00290229,111.177.208.115,DELETE,19723,404,sa-east-1,T0906,46221
c75296fd-8ad5-426b-891a-923dda760926,2024-01-30T07:03:06Z,U01710718,57.152.99.178,GET,6877,0,ap-northeast-1,T0434,33033
fa0f9f5f-7ba9-4f8c-8c7f-72f3817da699,2024-01-30T19:02:52Z,U00686125,159.41.202.251,GET,15948,0,sa-east-1,T0807,22460
711f2142-90b4-497c-bd66-9a753eb9be74,2024-01-30T01:57:41Z,U00431111,251.131.124.234,PATCH,22313,503,eu-north-1,T0605,38116
7bc18f7b-c8c9-4a81-bf08-52e05f88291c,2024-01-30T07:55:36Z,U00040946,98.216.105.231,PATCH,22066,403,me-south-1,T0899,30994
a484662e-8ccc-4a6f-b760-c166658683ec,2024-01-30T19:46:29Z,U00971097,221.195.138.96,DELETE,22899,0,ap-south-1,T0516,11311
c2d01e81-8045-4481-adc9-ff24402a1dd0,2024-01-30T17:04:41Z,U01196711,189.35.126.176,PUT,3417,403,us-east-1,T0832,50524
6325e573-2c31-4872-9059-df210cd08675,2024-01-30T14:26:43Z,U00362962,31.44.175.19,DELETE,4562,0,sa-east-1,T0691,158
5054a76b-916d-4ecb-b725-aca70868ecd6,2024-01-30T01:15:22Z,U00371379,52.153.14.214,PUT,13507,400,eu-west-1,T0135,53295
f5cf2170-d124-4ff8-83aa-abc82dc67463,2024-01-30T03:58:54Z,U01413025,62.5.102.200,DELETE,23390,401,us-west-2,T0163,23499
ced105b6-b61e-4f7a-9073-a5733a4ca33a,2024-01-30T06:06:45Z,U00892330,20.250.63.93,PATCH,5894,500,eu-north-1,T0087,20181
b54ce7a9-2afc-4f3b-afa1-09d3826bf054,2024-01-30T11:40:02Z,U01852485,15.229.130.97,POST,11690,0,eu-central-1,T0010,64156
3f3ffc1c-a731-44c7-9b44-8a0c11eaa0b4,2024-01-30T19:53:37Z,U01221586,191.135.199.232,POST,28706,0,ap-south-1,T0347,40139
fd280c78-c5df-471a-877b-a2161e17b45e,2024-01-30T18:20:00Z,U01111830,52.36.91.239,PATCH,12754,401,me-south-1,T0534,31227
fddd635c-81e7-4724-9eb8-1defcfff3fcb,2024-01-30T17:31:27Z,U01676017,69.69.212.197,POST,28427,0,us-west-2,T0148,41840
b7a48b5d-b6c5-4561-8469-5527c25e0885,2024-01-30T14:44:01Z,U00651812,106.255.100.33,POST,19193,400,ap-northeast-1,T0133,62625
ebb728ca-ef64-424c-be75-b6d853c243c4,2024-01-30T04:19:41Z,U00250143,9.27.102.149,POST,26809,0,eu-central-1,T0800,61789
6674d50e-94c6-4e30-95d6-728d5ef1f940,2024-01-30T15:25:45Z,U00151474,33.64.137.102,GET,19950,0,sa-east-1,T0527,2054
36ac6de1-ef14-4d3b-805d-464a223343cf,2024-01-30T12:32:27Z,U01817895,9.125.166.228,PATCH,8600,403,eu-central-1,T0092,46181
5fda89c4-5f66-4137-b969-8e531b84a97a,2024-01-30T17:45:05Z,U00405052,139.218.189.65,PUT,10202,400,ap-northeast-1,T0354,20837
eed32831-a2ba-4c80-b557-bdb18a65cbd1,2024-01-30T00:02:52Z,U00068350,27.46.68.119,PUT,18514,401,us-east-1,T0586,32324
fb4b691f-99e7-4ae3-8c72-9bf0fdf6f842,2024-01-30T13:15:13Z,U01735603,62.46.96.131,POST,9908,503,ap-northeast-1,T0510,21847
0011f838-06fc-45d5-88b4-5ee9fd34a988,2024-01-30T20:28:27Z,U00645963,235.39.0.48,PUT,1489,400,eu-north-1,T0489,40454
22b7fd88-d9b9-45c6-a8ea-ea80bf9cb09b,2024-01-30T18:57:33Z,U01431008,5.60.195.121,GET,22102,401,us-east-1,T0300,57183
7ebed5f2-c36a-4f79-9491-204ed1137341,2024-01-30T00:17:04Z,U00759053,245.3.60.6,POST,17370,400,ca-central-1,T0328,61946
2a48cd6b-e79d-499e-9b7f-702b485a9d27,2024-01-30T13:01:30Z,U00788206,157.105.127.137,PATCH,25124,0,us-east-2,T0392,43412
0cf3ac00-3ed9-459a-8ed5-9c5807d16039,2024-01-30T11:52:24Z,U01998260,144.130.81.197,DELETE,24000,0,us-east-1,T0142,40797
051aefe9-5e23-41b2-b180-f56b45662d97,2024-01-30T05:23:18Z,U00983004,207.136.97.232,GET,546,0,us-east-1,T0695,24348
91cc5346-a8b1-442c-8d61-2fbcf658e35f,2024-01-30T20:37:08Z,U01390668,61.20.29.118,PUT,11588,503,eu-central-1,T0518,15551
8043ce3f-a7ae-4cb8-9b8f-082ab6f33059,2024-01-30T10:59:43Z,U01647493,67.192.14.135,PATCH,14712,0,me-south-1,T0187,528
bdaa73f6-ac7c-4a19-a9ae-3575d2e3cc03,2024-01-30T17:20:23Z,U00810878,116.120.136.95,POST,12643,0,eu-west-1,T0650,40742
8b29d86c-ff49-42cb-b57a-31425c39454c,2024-01-30T12:51:14Z,U01272509,174.143.143.192,DELETE,27725,503,sa-east-1,T0074,36584
f3ebba85-b42e-453c-a97b-69c4d5defa6f,2024-01-30T15:32:27Z,U00686055,245.220.38.53,GET,25976,400,eu-west-1,T0358,46567
bd58e97e-453d-4fff-8f6b-1ec81cb071cf,2024-01-30T00:09:47Z,U00048887,217.157.6.25,PATCH,7916,0,us-east-2,T0215,27515
f79063ec-58ac-4fc1-9030-88f64d8dd6d5,2024-01-30T20:14:32Z,U00724433,237.127.91.67,GET,4354,0,ap-south-1,T0821,12469
797274b1-fe5c-42a3-8b1a-217548a06933,2024-01-30T09:52:12Z,U00828141,69.25.19.200,GET,9138,0,me-south-1,T0553,35051
4dc77abe-2a0c-45cc-8e76-d85ef2d72916,2024-01-30T21:38:27Z,U00042193,229.224.165.206,POST,196,0,sa-east-1,T0017,51704
10a119e0-1715-4229-9529-fec7a31e53b2,2024-01-30T06:33:44Z,U01242977,129.63.50.54,POST,3262,0,us-east-2,T0203,40137
790c53c4-1637-466a-b4c6-ae6f29d03d76,2024-01-30T19:49:47Z,U01668095,48.99.135.232,GET,26085,404,ap-southeast-1,T0595,22162
672a21f3-f748-45a1-9970-a601fc98295b,2024-01-30T08:44:41Z,U00314086,128.133.131.208,GET,26038,0,ap-northeast-1,T0825,29810
0739e11e-8274-4f53-b60c-28183c7882b7,2024-01-30T06:39:19Z,U01732066,28.16.152.113,POST,7124,404,eu-central-1,T0051,53131
2027375e-a036-4dca-a3db-5d9a9d0639e9,2024-01-30T14:55:37Z,U01991123,122.55.103.38,PATCH,26288,0,eu-west-1,T0882,2698
3800a1ed-0ff7-46e8-8e8b-1891c014b3e9,2024-01-30T17:05:06Z,U01714041,152.99.154.85,POST,10336,0,eu-north-1,T0112,43439
a8c93025-f2de-4543-96b0-3850c1571364,2024-01-30T19:15:48Z,U00148415,70.93.16.91,PUT,2354,0,eu-north-1,T0899,33985
c3c36336-da9b-442c-826b-d3d5700b68a4,2024-01-30T08:05:19Z,U01684751,119.64.128.242,PUT,3229,503,us-east-1,T0355,48400
9cff6dcf-e862-4c20-9085-48bc289b0bc7,2024-01-30T20:23:25Z,U01887053,162.123.18.180,PATCH,26649,500,ca-central-1,T0416,21577
92a477f4-ce1c-4edf-ade9-3d813dba8a4e,2024-01-30T20:57:14Z,U01231225,206.171.166.205,PATCH,657,503,us-east-1,T0051,49883
b0df7602-ca39-4b20-83a1-1775f58493b0,2024-01-30T20:51:48Z,U01929308,215.15.78.2,DELETE,22068,403,sa-east-1,T0515,8064
925644e5-cdb1-42b9-a7c5-14f16d6609b0,2024-01-30T17:22:07Z,U00068791,2.102.227.3,DELETE,15647,0,us-west-2,T0377,58088
132db92a-b7a6-4668-8046-c5c1388464cb,2024-01-30T03:19:27Z,U01519559,116.46.34.85,DELETE,23181,500,ap-south-1,T0615,7038
29f525bf-0073-4d8f-8e5a-2873d1e0b8d7,2024-01-30T20:43:04Z,U01484276,149.225.35.173,DELETE,10116,0,eu-north-1,T0944,40431
9a7cd6f8-f615-4fe6-b9e9-dfcd8cae131d,2024-01-30T19:06:45Z,U01065864,34.242.113.135,POST,21985,401,me-south-1,T0921,35796
b7754f3a-c3dd-4de7-b9d7-ad2535ac4c20,2024-01-30T13:08:06Z,U00996463,153.99.193.189,POST,25515,0,ap-south-1,T0537,9625
c9cb7533-6daa-4448-ad1a-9f8ca72e4d79,2024-01-30T10:17:15Z,U01508081,98.190.135.11,DELETE,13505,404,ap-south-1,T0384,39378
3be3d3f1-9811-4939-b21f-a00285d733b3,2024-01-30T04:46:20Z,U01669982,84.93.137.225,PUT,27206,404,us-east-1,T0333,41879
05c57f37-bce7-4458-bf1b-f9a80a5557c4,2024-01-30T01:52:34Z,U00443315,148.91.117.24,GET,26870,503,me-south-1,T0517,45159
d7362a68-75dd-4502-a965-81f7d49e32dd,2024-01-30T03:28:20Z,U01176821,53.140.43.120,DELETE,21216,0,us-east-1,T0189,60295
9d19ab33-e7cd-48fb-b33e-246352c3a394,2024-01-30T09:53:23Z,U01732540,80.137.97.161,POST,11751,0,eu-north-1,T0668,20098
29b620c9-ed26-464b-80b5-6ad813485f0b,2024-01-30T10:58:53Z,U00852526,252.184.164.125,DELETE,6336,0,us-east-2,T0219,62283
f454b680-9913-4158-91a5-c1597d96d6cc,2024-01-30T16:15:00Z,U01942022,187.89.78.159,PUT,2295,0,us-east-2,T0946,38857
26d90563-fd4f-4abc-b665-d17522750bb2,2024-01-30T18:46:44Z,U01320160,131.93.169.32,POST,11962,503,ap-south-1,T0091,48831
35697597-3658-42d1-9e3c-2736dd481be1,2024-01-30T11:30:38Z,U00019448,17.160.101.249,DELETE,23130,401,ap-southeast-1,T0860,26963
40fe024a-7db0-4f40-9464-d1c1f3522936,2024-01-30T21:28:39Z,U01950140,22.203.56.151,POST,23859,0,ap-southeast-1,T0938,64410
acea50dd-5f52-4946-b90b-49c86b9a2965,2024-01-30T23:23:21Z,U00480254,140.49.95.209,GET,23339,500,me-south-1,T0870,19483
d9a0c922-b00a-459d-998e-ffd946ec6e80,2024-01-30T13:28:13Z,U01796915,173.14.15.45,PATCH,12632,404,us-west-2,T0470,45079
c819cce7-4843-4bf3-af8f-b2ef49857fb0,2024-01-30T00:57:58Z,U00943598,45.84.160.75,POST,2423,0,us-east-1,T0651,10314
09c7f018-815b-47fd-a449-02f330c04e81,2024-01-30T10:17:12Z,U00820351,101.211.84.21,PUT,27122,0,ca-central-1,T0235,21218
d4f778c1-7ff9-4258-9481-45cdd3849fb9,2024-01-30T21:52:42Z,U00433077,187.77.116.132,GET,26149,404,ap-south-1,T0152,59106
74183a38-b082-42e8-ac6d-e8ba8534d02e,2024-01-30T15:25:33Z,U01401427,39.149.185.201,POST,14394,0,sa-east-1,T0627,42609
b2491c13-a74a-4927-9eae-fa222740fd4c,2024-01-30T18:41:08Z,U00234185,23.183.146.144,PUT,7546,0,ap-south-1,T0418,26902
47ee223b-ed29-4fbf-bb5e-148a1b515f98,2024-01-30T13:26:00Z,U01924340,160.141.230.199,POST,17029,0,ap-northeast-1,T0185,41369
1cc1fe0c-8e10-4e1e-8f66-04c43ce70344,2024-01-30T22:20:03Z,U01888861,46.80.144.192,GET,11651,401,us-west-2,T0525,22122
98ccc465-5a23-460b-84b2-4b119cb28244,2024-01-30T10:16:16Z,U00929626,76.52.71.229,DELETE,23661,0,eu-north-1,T0026,50027
54e759ff-dfb2-4fc8-a9c0-ada1dd449ed7,2024-01-30T03:54:32Z,U01343010,148.119.35.16,POST,8490,503,ap-northeast-1,T0787,41203
e7448c38-709c-4b68-bbc1-a5ac05a2e32b,2024-01-30T09:17:32Z,U00535548,175.123.199.8,PATCH,14229,0,eu-central-1,T0126,28472
aecbe080-d4e6-4d3c-9ac5-8056525712e7,2024-01-30T11:32:33Z,U00364380,74.91.212.101,POST,5671,503,ap-southeast-1,T0153,58457
ef205640-f7d0-493b-9367-99dad040c307,2024-01-30T04:09:58Z,U01217525,64.135.177.62,PUT,29083,403,eu-north-1,T0817,744
ea9574cc-58f1-468d-a9f9-653fe79348d3,2024-01-30T05:05:32Z,U00363453,3.65.235.141,POST,26192,400,us-west-2,T0986,62566
46cd8104-1016-47b1-aa2f-abe009e54752,2024-01-30T18:29:31Z,U00066880,115.137.28.152,DELETE,29147,0,ca-central-1,T0309,11144
aa0ff87b-68d4-4dfc-8e19-9e7f60a2d0af,2024-01-30T18:39:45Z,U00583705,199.50.226.40,DELETE,24314,0,eu-central-1,T0146,42582
1ffdf125-718f-41f8-a95a-f5748f050c96,2024-01-30T09:15:17Z,U00187162,69.93.23.71,POST,794,401,eu-central-1,T0758,43309
70b9c5f5-765b-4cc1-ad76-5731a1eff287,2024-01-30T18:57:31Z,U01738172,219.20.245.215,PATCH,12479,500,ap-south-1,T0477,41233
e8824670-18c2-4543-a022-3c4f59f72946,2024-01-30T18:30:47Z,U00260368,251.99.100.45,PUT,14744,500,ca-central-1,T0150,1197
93f72c03-2bba-4630-8afb-48508c301a92,2024-01-30T07:55:08Z,U00686311,224.214.115.72,PUT,14422,400,us-west-2,T0406,1105
d0fe5d73-e157-4754-b326-57b124076465,2024-01-30T07:09:04Z,U01354639,216.133.98.186,DELETE,16325,401,us-east-2,T0595,62895
385153b6-eee4-4d14-a38a-da1804b4ccad,2024-01-30T06:59:09Z,U01914191,162.114.181.68,DELETE,29626,403,ap-south-1,T0749,40487
d4e8f856-9b32-4e5f-b098-2465c2207ce1,2024-01-30T23:07:50Z,U00116764,246.151.75.253,GET,19549,403,me-south-1,T0092,46770
9adebaeb-2a01-4004-bce1-47ce9850590a,2024-01-30T07:49:24Z,U00139666,28.40.6.154,PUT,20712,403,me-south-1,T0545,32333
19de775c-a450-4114-9d58-6dfbaaf5e9b5,2024-01-30T15:31:33Z,U00200556,197.68.88.107,POST,13704,503,eu-west-1,T0556,21398
424ac877-1b98-4fb3-b5e1-dd97d0ee4dc9,2024-01-30T18:20:02Z,U00373700,64.159.139.240,POST,9568,500,me-south-1,T0121,41805
28f712ac-373e-4712-b458-658f890ad2a4,2024-01-30T03:50:16Z,U01230543,245.28.112.15,PATCH,1253,400,ap-northeast-1,T0943,12789
90f5c4d5-9d21-492c-997f-9efe51cdbbbf,2024-01-30T05:20:16Z,U01658693,78.78.172.162,DELETE,2805,400,ca-central-1,T0394,54980
0046abb3-ede3-4e2e-996c-b66c14978aa2,2024-01-30T08:33:18Z,U01557724,38.205.175.58,DELETE,21737,503,us-west-2,T0107,47961
2ffb27c2-2414-4510-8144-7dc4583cfbae,2024-01-30T10:56:56Z,U00367950,5.222.92.131,PATCH,8725,0,us-east-1,T0399,46857
3d46a9cf-b1e7-4096-83a9-a81e2a78b5db,2024-01-30T15:20:09Z,U01857312,164.59.35.7,GET,11357,0,us-west-2,T0756,43413
4a4e7c2e-16a1-40d1-ba50-3c7a32df7c40,2024-01-30T21:53:55Z,U00131174,91.73.216.56,POST,2599,403,sa-east-1,T0850,32226
522dc66a-d228-4cba-ba6a-b8dac3973233,2024-01-30T14:50:48Z,U01831757,186.255.247.27,PUT,9040,0,ap-northeast-1,T0165,49709
83e33f62-d21b-41ba-a668-8c1014b8abe9,2024-01-30T13:59:05Z,U00791020,150.243.3.185,PUT,9993,0,ap-southeast-1,T0956,19527
add47aec-f8be-4461-bc3d-92160268db4b,2024-01-30T03:49:25Z,U01052406,113.6.215.80,PATCH,1975,0,us-west-2,T0613,14549
276f4dbf-b0b7-46d5-8ccb-b964c52018ad,2024-01-30T07:06:51Z,U00247631,105.30.135.116,POST,14425,500,us-east-2,T0704,29566
0957d92c-a0e4-4729-a5cc-fb677f010c94,2024-01-30T15:08:45Z,U00523984,19.254.16.132,GET,7948,503,ap-northeast-1,T0840,29024
0488d4ed-a832-400a-b768-46f9412365f4,2024-01-30T15:47:52Z,U01139303,118.17.112.26,DELETE,12907,404,ap-southeast-1,T0656,58226
fd6fd025-643d-4841-b52b-9cbd5f7923a5,2024-01-30T07:37:27Z,U00782922,205.248.18.121,POST,16884,404,me-south-1,T0394,37940
ff10eee3-f0ba-4d98-b113-c9512d265cc5,2024-01-30T05:42:31Z,U01992481,1.143.22.89,POST,25893,0,me-south-1,T0460,62818
19e8f826-5d48-46fa-a406-2bc8f84f738a,2024-01-30T23:51:56Z,U00429149,11.205.234.70,DELETE,7948,401,eu-west-1,T0678,44040
3f39eced-b350-4ce5-9d48-bcff71058a5f,2024-01-30T17:05:35Z,U00183060,50.123.9.71,DELETE,19926,0,ap-south-1,T0829,29118
2b360e1e-9358-48fd-9183-499d00604c08,2024-01-30T02:19:04Z,U00237209,87.111.26.202,DELETE,10500,503,ap-south-1,T0977,56168
78de9321-75f2-451d-bbc4-7c44ad0009b8,2024-01-30T10:26:49Z,U01190828,165.140.83.33,PATCH,1554,0,eu-central-1,T0849,65350
8bdc0f07-4e1d-4f8c-9a99-ca6844866417,2024-01-30T03:42:27Z,U01558821,210.1.89.203,DELETE,3364,0,us-east-2,T0705,52317
f9122c7d-5f86-4607-87ba-b7b057f80c51,2024-01-30T22:22:17Z,U00466417,41.208.148.84,DELETE,25974,0,ap-southeast-1,T0048,28951
2fd397cf-a499-4b43-8147-a450bfff2ce5,2024-01-30T15:09:32Z,U00142844,86.11.232.198,GET,22969,0,ap-southeast-1,T0280,21307
ab3afe2b-96f5-4173-beae-700d911a17dc,2024-01-30T23:12:02Z,U01198726,1.34.16.220,PUT,25149,500,ap-south-1,T0616,6146
ac9ca0d9-cc9d-4106-aacb-b4b042f5d722,2024-01-30T23:14:18Z,U00320256,120.253.151.250,PATCH,24540,403,ap-southeast-1,T0374,18150
c0cc423a-57cf-42e6-af1e-f9dddd1fa979,2024-01-30T10:59:40Z,U01473951,52.155.120.239,PUT,17634,503,ap-south-1,T0846,64338
df2f3148-beee-442d-b144-da670eba1487,2024-01-30T07:48:34Z,U01211223,204.63.221.54,PUT,23510,0,eu-west-1,T0078,49129
f575ad7c-01f1-48a7-b745-229e30fd7e51,2024-01-30T07:22:29Z,U00268821,45.73.117.118,PUT,17444,0,eu-north-1,T0677,21432
5df0db9c-d3f8-4ca5-a5dc-68853c6df034,2024-01-30T15:54:54Z,U01730538,94.243.81.8,GET,3951,0,ap-northeast-1,T0665,64540
1b645269-deb0-4015-b726-731cb7f989d5,2024-01-30T04:20:23Z,U01271009,243.133.213.150,PATCH,6389,401,ap-northeast-1,T0300,22152
d2b37785-b2c6-4c22-b489-a3dac688bad2,2024-01-30T18:20:00Z,U00484416,33.125.62.68,DELETE,17980,503,ap-northeast-1,T0585,65478
a4c2590b-464d-4b13-b6a4-a5594b7c02d1,2024-01-30T20:13:39Z,U01197922,118.109.26.241,PUT,24550,0,eu-west-1,T0106,54103
240391bf-764d-473e-92d3-0840c0eaf582,2024-01-30T12:12:28Z,U00140190,190.162.231.118,DELETE,6300,400,us-east-1,T0188,5120
194b2044-5913-40a9-9a3d-9504197b6a9f,2024-01-30T21:38:32Z,U01298547,226.12.187.17,GET,21144,0,me-south-1,T0680,15498
e0631c38-0478-4fd8-a113-80c062faf43a,2024-01-30T03:01:38Z,U00789989,28.182.4.123,PATCH,17205,0,eu-central-1,T0982,11446
f984c071-d9db-49fb-a9fb-42213fde02db,2024-01-30T12:25:29Z,U00242773,177.119.207.96,PUT,24412,0,ap-southeast-1,T0524,29913
732551c5-64e8-46ab-b6a9-8d6ef2537184,2024-01-30T01:24:07Z,U00770899,22.103.34.102,DELETE,16626,0,sa-east-1,T0509,33441
d575b760-48a0-4531-9335-70b4471fbe1c,2024-01-30T08:32:48Z,U01908536,49.21.41.157,PATCH,18007,403,eu-north-1,T0532,40082
3dd25284-c449-4bd4-80eb-b82e24abd2b5,2024-01-30T08:55:02Z,U01182291,228.173.133.220,PATCH,22175,500,us-east-2,T0654,41476
08ab306f-7354-47eb-9efc-cb46f387690c,2024-01-30T09:29:34Z,U00930994,112.188.134.109,DELETE,201,401,eu-west-1,T0109,56011
e9772056-2b8f-4098-8ad5-3a0c0e69df11,2024-01-30T04:23:19Z,U00697845,166.204.114.235,DELETE,10337,500,ap-northeast-1,T0032,35632
d5900297-9681-403d-abb7-45b105ba27c0,2024-01-30T12:06:45Z,U00197830,9.134.175.196,DELETE,21129,0,sa-east-1,T0689,45581
a1cde182-32d2-4c21-9a4c-2ff5cd05b634,2024-01-30T04:12:11Z,U00408973,19.61.238.134,PATCH,5605,0,us-east-1,T0493,11335
f76245ad-4aba-4c83-8100-a2a029ef607a,2024-01-30T05:06:45Z,U00054720,75.242.220.79,DELETE,27632,0,ap-south-1,T0232,28079
a1ead2eb-a889-469b-b72f-4f4b0c8c1d92,2024-01-30T09:28:25Z,U00518246,82.215.139.103,PUT,18702,401,me-south-1,T0622,15906
98c1f3d5-e270-436c-98b0-4e798ba6d0d7,2024-01-30T20:25:16Z,U01098490,106.83.121.215,GET,13897,401,ap-south-1,T0312,43222
9750f043-52bb-4081-9cfc-435ad17a98c9,2024-01-30T11:26:50Z,U01386302,214.253.199.196,POST,8380,503,us-east-2,T0844,44013
b9ec7299-92c1-480c-b0e5-49641cd8240d,2024-01-30T04:55:32Z,U00311609,163.19.124.221,PUT,7658,0,us-east-1,T0096,20618
01f57b8f-9194-4cb3-ba49-ef4778e8f5a9,2024-01-30T21:30:02Z,U00902189,114.150.213.196,PATCH,16014,503,us-east-2,T0366,55862
2e5c30e7-6461-40a1-875f-1fb0be07041d,2024-01-30T13:31:18Z,U01130223,215.228.178.88,POST,6162,403,eu-north-1,T0123,21014
4fceb814-ce67-43d4-b436-69144de4f687,2024-01-30T04:52:26Z,U01965941,249.188.89.15,POST,12788,401,sa-east-1,T0094,21622
a3a976b8-16c7-4537-8f41-6c45ea36d363,2024-01-30T07:44:33Z,U01342789,113.52.210.79,DELETE,16330,404,ca-central-1,T0514,60399
4b797741-e67a-4314-bb36-281c4e028dbd,2024-01-30T00:38:11Z,U01240120,142.16.200.227,DELETE,4590,0,us-west-2,T0387,55844
cd93bb46-f128-465a-bc16-fbe1c3ef6410,2024-01-30T18:59:50Z,U00170950,47.228.104.239,POST,1088,0,sa-east-1,T0569,1721
1c121536-e65a-4fca-9229-895ccf739ec5,2024-01-30T21:33:30Z,U00127573,97.100.4.147,PUT,12418,0,us-east-1,T0710,47774
61b956b3-f2d8-43e4-b844-2a34048dbff2,2024-01-30T11:56:26Z,U00382110,164.181.234.239,GET,5921,0,us-east-2,T0414,48389
97fa7968-60e5-4839-a9b5-a66b90184fb6,2024-01-30T03:01:15Z,U01663531,35.217.136.122,PUT,15384,0,sa-east-1,T0165,47079
5b409ce4-b433-40e2-b084-f145fdad6280,2024-01-30T12:11:42Z,U00431420,34.191.152.248,POST,22097,0,ap-northeast-1,T0394,14211
ad43b013-c786-4605-81c5-c706dd26e57c,2024-01-30T07:05:12Z,U01092926,31.135.131.95,DELETE,9176,401,us-east-2,T0268,12348
1b43f3a7-34a4-4ed9-80ad-4d0f70de220b,2024-01-30T10:35:29Z,U01359639,224.253.154.51,DELETE,28930,0,me-south-1,T0200,46028
19dc0477-edbb-4576-bef3-df11532cc105,2024-01-30T19:22:28Z,U00502301,153.79.53.172,POST,20087,0,me-south-1,T0555,64769
e6419bcb-afd8-4590-8c10-c1ec634ef3cb,2024-01-30T08:38:01Z,U01839745,1.173.202.219,GET,25934,503,me-south-1,T0309,59994
e1f07a4a-3122-4025-9a30-e578e29a3bbe,2024-01-30T02:14:37Z,U00786518,34.45.199.110,GET,11071,0,ap-southeast-1,T0723,17193
29183975-8a20-42d6-ac2b-804fb17bfefb,2024-01-30T18:28:49Z,U00856652,25.249.71.152,DELETE,15607,0,ap-south-1,T0630,44902
ddb07fa1-c73e-494a-a637-116a248b023f,2024-01-30T04:43:52Z,U01999557,44.42.219.86,DELETE,25840,503,eu-north-1,T0219,53466
fbb945d7-9bac-41ca-9ecf-50926de0f994,2024-01-30T13:04:58Z,U00368255,227.1.187.48,DELETE,28300,0,eu-north-1,T0908,23922
e5e86046-5165-402f-86da-f4fd53f6a180,2024-01-30T18:16:47Z,U00188896,149.89.50.201,DELETE,6079,404,ap-northeast-1,T0981,51025
5372c26f-dd6e-45e3-b612-bc4664f94646,2024-01-30T06:11:58Z,U00043074,130.2.169.219,POST,2497,0,eu-central-1,T0428,6414
804382af-3044-4ac4-8e26-35df12b84f8f,2024-01-30T16:57:51Z,U01484721,201.240.63.175,PUT,13763,0,ca-central-1,T0406,50084
be489193-1679-44d8-8d40-48a27f8580c7,2024-01-30T18:02:57Z,U00808961,170.39.229.5,GET,2945,0,us-west-2,T0749,46552
1d223c10-e795-437e-8aff-f3f9e6d8e2a2,2024-01-30T16:12:33Z,U01260726,72.85.107.210,GET,14411,401,ap-northeast-1,T0643,29757
61c5c1f3-3041-48d5-815f-117391bdc0cf,2024-01-30T23:59:29Z,U01703341,243.19.245.133,DELETE,13535,401,eu-north-1,T0259,16943
b30fe16e-fae1-4b39-9d8e-680f036af270,2024-01-30T04:42:45Z,U00329209,48.49.58.84,PATCH,17815,503,us-east-1,T0264,40581
398bf0af-95f2-4410-a2ae-af81aac21708,2024-01-30T09:44:54Z,U00306328,10.68.167.236,GET,7973,404,eu-west-1,T0155,2983
1ba03a47-4935-41be-b9dd-2ae7621a5df5,2024-01-30T01:30:12Z,U01954634,36.174.109.76,GET,27865,0,us-east-1,T0139,16745
69e1101f-c04a-45b2-a52e-ecff3474298d,2024-01-30T15:18:55Z,U01922359,64.86.151.13,PUT,27633,401,ap-southeast-1,T0669,52813
155834be-8206-4217-b657-72e969eabc62,2024-01-30T11:35:46Z,U00841323,203.176.166.253,PUT,29534,0,us-west-2,T0131,16503
f099bbf6-ba9c-4882-8718-43f4148a7548,2024-01-30T04:34:41Z,U00427744,43.177.251.86,POST,11490,0,ca-central-1,T0628,45319
b31fd261-8c46-47d4-99f6-ffc11ad72e9e,2024-01-30T16:10:31Z,U01523281,172.182.192.60,PUT,21843,0,ap-southeast-1,T0197,417
028ead2b-6db1-4d1c-b3ad-1830c29df762,2024-01-30T11:59:15Z,U00811034,72.96.134.40,POST,14873,404,us-east-1,T0146,24830
6181527f-af3b-4354-b522-aad68d6b4fe1,2024-01-30T21:08:58Z,U01531608,239.64.22.73,DELETE,20959,404,us-west-2,T0016,58147
a5963824-f45f-4366-8469-63d7ad783bff,2024-01-30T07:40:40Z,U01566962,60.198.175.103,PATCH,25714,0,us-west-2,T0196,37922
f58475f5-52d1-43ee-9494-ea3dfbb970d7,2024-01-30T01:18:40Z,U01740184,218.220.138.34,PATCH,20194,401,eu-central-1,T0831,64589
880c7b1a-f28d-4ec5-b70c-2c1ee621e71d,2024-01-30T07:06:42Z,U00405693,163.5.138.127,POST,11760,0,ap-southeast-1,T0058,48746
2ec63b4d-3bf9-4892-9ea1-f14668a2168e,2024-01-30T22:06:13Z,U00937374,206.109.14.74,POST,21567,400,ap-southeast-1,T0199,14254
01140f1f-3d69-4e19-a29f-7f7763945bd6,2024-01-30T10:19:48Z,U01861280,41.168.63.87,POST,738,503,eu-west-1,T0480,31697
a9c63a85-d2fc-4b18-8390-41dc9bb0101b,2024-01-30T18:16:40Z,U01843210,80.132.243.205,GET,19853,404,us-west-2,T0939,4710
46ac0e39-b3ff-4019-8d44-c1b1ea3f1377,2024-01-30T07:44:36Z,U00867141,157.83.239.29,PUT,28118,0,ap-northeast-1,T0591,40125
e5edc381-748a-4486-8096-54a759f18e3b,2024-01-30T08:08:57Z,U01105533,37.12.31.9,DELETE,20203,503,eu-central-1,T0666,8974
92093f92-2340-4baa-89d5-148846265ccb,2024-01-30T23:22:05Z,U01686548,196.196.43.137,PUT,9541,503,us-west-2,T0338,53290
64f72ebd-12bc-400c-abd4-77ea4b43bbf3,2024-01-30T17:26:34Z,U01885844,24.214.213.138,PUT,10113,0,eu-north-1,T0179,26037
ceda260e-cfef-4dba-99c8-b982dac97617,2024-01-30T15:47:18Z,U00280089,138.199.82.68,GET,29882,404,ap-northeast-1,T0354,5990
a900f8c6-15bb-442d-a3b0-386c2c242d7b,2024-01-30T08:14:10Z,U01295471,195.119.5.70,DELETE,7547,0,eu-central-1,T0321,11786
a861f0eb-2630-4c19-b99e-72229734b4b6,2024-01-30T22:36:56Z,U01904104,214.114.216.84,PATCH,8129,401,ap-southeast-1,T0110,2093
71d30d8e-8c77-4b7d-9515-6a0953b96909,2024-01-30T23:56:11Z,U01250248,254.185.1.87,GET,7424,401,us-east-1,T0496,12166
47c278c8-3c66-4880-a6b5-7117f89c852e,2024-01-30T18:38:06Z,U00024847,81.14.20.236,GET,9762,404,ap-southeast-1,T0837,24212
5a3ba245-c35c-4ff0-88f7-72003dbfbfd8,2024-01-30T10:12:20Z,U01272097,38.112.172.22,PUT,29115,400,eu-north-1,T0469,25926
8ad1e5fb-40a0-4265-82b3-5787e865120b,2024-01-30T06:37:26Z,U01791214,63.223.73.19,PUT,28262,0,us-east-2,T0669,54729
bf2112d6-e1e9-4b92-9e07-e214bd30c985,2024-01-30T00:17:02Z,U01496545,48.188.48.200,POST,19099,404,us-east-2,T0300,24273
18346ec9-b541-4bdd-a94e-aed49caee05f,2024-01-30T04:37:31Z,U01212465,146.129.147.134,DELETE,1239,400,me-south-1,T0781,12267
d8690aeb-14b3-4870-aab2-96ca2ba062d1,2024-01-30T16:21:12Z,U00615084,10.190.197.228,PATCH,23079,503,eu-central-1,T0427,60653
9d2ec1bb-a9af-4834-8808-ca48bda595c1,2024-01-30T21:27:53Z,U01377004,198.193.133.212,DELETE,19432,401,ap-south-1,T0681,44651
99752cba-8f30-493e-bae0-d54f689b8567,2024-01-30T11:59:58Z,U00170323,94.238.2.160,POST,2698,503,us-east-1,T0056,57923
18279a42-caf0-4bd3-a489-9034ceadb7d9,2024-01-30T17:54:04Z,U00934178,221.228.183.135,PUT,26370,0,us-east-2,T0611,58061
b35d5031-c516-4792-bb62-c217949b723c,2024-01-30T17:55:05Z,U01784449,132.181.80.34,PUT,24163,401,ap-southeast-1,T0245,44921
afabfc83-b9ad-4948-9441-35fe2f91eb28,2024-01-30T12:39:08Z,U01966219,193.86.5.86,PATCH,26754,401,ap-south-1,T0009,3725
acea18d0-9670-49ab-ad8a-af08d6891e52,2024-01-30T23:11:45Z,U01427007,237.16.120.204,PUT,25550,0,ap-northeast-1,T0184,7738
e8ac112d-2f8b-4561-874b-fffbc4ef598f,2024-01-30T02:38:36Z,U01163590,197.213.105.64,POST,11663,0,eu-west-1,T0366,47996
17cc0cae-fac7-4959-8f93-0e0815e247e9,2024-01-30T18:29:55Z,U00130796,218.215.176.183,POST,25534,500,ap-northeast-1,T0743,39450
0d1fbd4c-82fe-46d7-a52c-a7e7458521ef,2024-01-30T04:49:38Z,U01051033,85.211.218.100,POST,1360,404,us-east-2,T0228,28871
672a81f7-b21e-408e-9bd6-9cef13619d40,2024-01-30T13:29:50Z,U00250451,122.97.163.158,PATCH,23560,0,eu-west-1,T0295,26724
7e469549-cf8b-4951-97d4-b56794a52bbf,2024-01-30T22:40:46Z,U01320191,42.193.58.85,POST,19435,500,eu-west-1,T0632,58099
d0235234-8954-4403-9fe2-4988b6838469,2024-01-30T22:01:40Z,U00866241,136.212.248.82,PATCH,3846,500,ap-northeast-1,T0280,37030
b085097a-08e9-4af8-9081-cfe0ddeaa846,2024-01-30T05:44:31Z,U01743147,55.67.160.244,POST,22,0,me-south-1,T0879,12837
0d9a3e63-a665-4a4f-8a39-f4ffcca1e796,2024-01-30T05:33:36Z,U00911464,208.119.104.148,DELETE,11674,0,us-east-2,T0464,13486
e34445aa-9e91-45b5-933c-8648eccc048c,2024-01-30T02:03:57Z,U00010842,208.6.68.43,PUT,15834,0,us-east-2,T0516,23430
d064443e-2f6b-498d-8ab9-a502592ac154,2024-01-30T02:51:46Z,U01938515,5.225.235.161,DELETE,29767,400,ap-southeast-1,T0597,33753
827791fc-c322-4052-9391-5692ab33e596,2024-01-30T12:05:40Z,U00929790,183.65.208.227,GET,19375,0,us-east-1,T0178,40850
c3d45434-f3c5-45fa-a95b-7ce71b444a50,2024-01-30T03:26:21Z,U00455262,187.16.91.90,PATCH,19035,503,ap-northeast-1,T0348,28867
53e73cd7-79f8-4e77-ab5f-290274bd780f,2024-01-30T13:27:13Z,U01444124,120.220.240.120,DELETE,22429,0,eu-central-1,T0523,52647
a9240f55-ddb5-4636-85bc-651d0ca6166b,2024-01-30T10:43:59Z,U00624212,181.125.134.221,PATCH,3341,404,ap-southeast-1,T0736,45332
7cfcb354-56f6-46a0-8954-fb23ff701dde,2024-01-30T21:34:09Z,U01180578,162.51.134.245,PUT,1320,0,eu-central-1,T0697,6170
e8ee3673-acb8-41ae-a445-0825c01996f3,2024-01-30T10:05:08Z,U00419739,180.239.91.110,POST,25286,403,me-south-1,T0618,2935
8f4d42b0-d7c9-4186-9aae-8a93852199b3,2024-01-30T15:20:06Z,U00648246,28.17.130.61,DELETE,4923,503,ca-central-1,T0962,22840
a39bf138-0362-4ca7-bb2d-ab6a3f69672a,2024-01-30T20:03:06Z,U00897350,57.114.185.122,DELETE,5046,401,us-east-2,T0071,20738
cd14adf3-7eb3-41e2-86cd-30d474475496,2024-01-30T03:53:53Z,U00026936,192.92.46.227,PATCH,29076,503,us-east-2,T0563,13152
5ee7d416-6b4b-450c-8ffb-a1ee1d926fb5,2024-01-30T20:29:03Z,U01009897,136.225.161.136,GET,19248,0,ap-southeast-1,T0101,59522
92270656-8d06-4410-bc8f-9af250f7f67b,2024-01-30T04:57:53Z,U01536353,30.57.62.115,PUT,593,0,ca-central-1,T0907,32615
c473616b-0c47-4177-8f0b-0881a9abf40a,2024-01-30T11:34:32Z,U00576017,250.23.202.253,POST,7293,500,us-east-1,T0593,14520
d51af2e1-a7d2-4163-a9d2-235b811eef7d,2024-01-30T22:41:16Z,U01613097,137.21.130.109,GET,24081,500,ap-south-1,T0154,27164
f80aa228-ac98-4c2a-9f84-41aceea6a649,2024-01-30T18:38:16Z,U01520160,185.133.41.139,PATCH,1813,401,us-east-1,T0398,22473
737991ea-e2be-4272-a26c-89323713f8f4,2024-01-30T13:13:18Z,U00031601,216.64.252.218,GET,5496,0,ap-south-1,T0281,28647
1eef492f-24e2-474a-bf7d-7dde4b69ddd7,2024-01-30T21:52:45Z,U00692933,130.211.185.27,PUT,19079,0,sa-east-1,T0316,2169
8a985841-55c5-4e4c-9068-2b8148367914,2024-01-30T06:25:30Z,U01704731,21.87.19.136,DELETE,27276,0,eu-west-1,T0531,32518
22390876-48ba-4ca2-87e3-b9bd413f8850,2024-01-30T13:54:00Z,U01631376,208.14.210.247,POST,26409,0,eu-central-1,T0611,53569
fca92bc7-a814-4732-a63f-303e1173af9e,2024-01-30T00:51:03Z,U00240692,86.126.115.194,POST,29486,403,ca-central-1,T0985,8708
37c82398-34d0-4506-86cc-ed4cb966e78a,2024-01-30T18:40:08Z,U01362992,27.164.69.95,GET,21480,404,us-east-1,T0247,59548
56ead9ad-9914-4fbd-976f-8ec115b09e66,2024-01-30T06:52:26Z,U01056425,207.41.84.111,PUT,29347,0,eu-central-1,T0306,62751
1bfad702-5c91-49e6-871d-9ebbe93d7e08,2024-01-30T04:42:20Z,U00260562,117.165.252.140,DELETE,22860,404,eu-north-1,T0278,9355
89c61b12-db10-4c48-bdc0-dbbd87ed4780,2024-01-30T20:46:01Z,U01190488,155.27.67.228,GET,687,500,ap-northeast-1,T0207,60551
56cb1362-9d5f-4d07-89e1-5891098fdb9e,2024-01-30T22:46:37Z,U00089346,166.67.67.2,PATCH,15472,0,us-west-2,T0447,9414
ef45c1b3-049d-4d1d-a531-97fd9a7fe0e5,2024-01-30T21:57:12Z,U00760367,186.68.55.124,GET,18006,0,eu-north-1,T0298,48143
02a7a6dc-2de0-4478-a30e-60e874003072,2024-01-30T19:52:06Z,U00891731,182.88.66.72,GET,23053,503,sa-east-1,T0698,61793
1ad5edcc-03f6-4e67-a578-b81794ddf094,2024-01-30T21:29:08Z,U01059586,127.210.203.194,DELETE,21522,0,ap-northeast-1,T0193,57792
09955deb-35c0-48eb-a0d0-aa20fc934dcd,2024-01-30T04:00:16Z,U01470933,205.99.89.155,DELETE,8353,403,me-south-1,T0438,53634
7acd0afd-85e4-440d-ba6d-d2fed5f1b9c6,2024-01-30T06:58:53Z,U01090667,65.23.16.173,POST,11445,403,ca-central-1,T0372,45079
a2aa9aba-2ed4-4d1c-b6dd-08d03d727271,2024-01-30T23:40:31Z,U00510556,205.124.231.148,PUT,10904,0,ap-south-1,T0179,34410
039db658-72e8-4b90-a37f-c0ed17a44d79,2024-01-30T11:27:43Z,U01387707,107.81.220.107,GET,29291,0,eu-north-1,T0532,16423
73f6309f-e7f9-4d46-870e-b1311558c8eb,2024-01-30T12:09:29Z,U01348126,166.120.62.207,GET,11437,0,us-west-2,T0403,6223
ce84e6a8-ee2b-4090-a9dc-259bd62c6cb6,2024-01-30T19:13:53Z,U00371271,96.42.85.19,PUT,13689,0,eu-north-1,T0615,24327
4136e485-88c9-40be-b37c-e446821f0d04,2024-01-30T06:13:57Z,U01803104,133.67.150.101,PUT,9205,403,sa-east-1,T0981,15132
8132b684-1734-4839-8abf-cfc642a49dfc,2024-01-30T22:16:06Z,U00233781,31.113.162.203,GET,10788,0,eu-central-1,T0516,44191
93bd6128-aa92-4346-b2bf-057179a57f74,2024-01-30T01:05:53Z,U00061208,164.4.29.20,PATCH,23266,0,eu-central-1,T0210,22573
2f8bd396-aa2e-462e-8ae6-9bdbb3b08da3,2024-01-30T06:56:24Z,U01876000,202.248.133.25,POST,7386,0,us-west-2,T0238,14189
bdfdd9cb-4c5d-488b-9147-52393ec71559,2024-01-30T22:56:38Z,U00245067,209.145.146.65,GET,28043,0,ap-south-1,T0216,36644
e7c37503-d8c4-4e1a-9e5c-55a8240db910,2024-01-30T18:01:58Z,U01154500,49.165.171.53,GET,19366,500,ca-central-1,T0154,45679
4ea86db9-6935-4133-bbfb-4e59c41ec6a0,2024-01-30T00:08:16Z,U00383055,213.49.244.69,PUT,27053,404,ap-northeast-1,T0063,65029
07932d06-ed3c-492d-9e35-05ce9a299a32,2024-01-30T06:06:07Z,U00628987,53.205.51.70,PATCH,13240,403,eu-west-1,T0218,61961
9825160a-90c6-4ebe-abc8-80bf4293d1db,2024-01-30T21:42:13Z,U01447241,146.255.249.151,POST,5451,503,us-west-2,T0563,24878
ef18d965-eb76-459b-b276-d8f660ccefd9,2024-01-30T10:02:16Z,U01770992,250.29.96.80,DELETE,9703,400,eu-west-1,T0393,23454
5c3cc14b-bc42-47e4-9262-512524d130c3,2024-01-30T00:01:17Z,U00733553,113.161.208.181,PATCH,23178,503,ap-south-1,T0290,15148
7ca90ddb-6eaa-481d-b10d-2972de72b4d9,2024-01-30T16:41:33Z,U00942782,236.51.30.224,GET,3882,404,ca-central-1,T0386,20815
98c8d08c-3298-497e-a40d-530f2ed26bdb,2024-01-30T07:03:39Z,U01685991,17.104.119.228,PUT,21138,0,eu-west-1,T0997,39764
97fbfc7c-1a31-4085-b0f4-52d7cb3c15fa,2024-01-30T03:34:58Z,U01352469,93.65.38.201,PUT,15802,401,ca-central-1,T0420,59428
dfccafbd-53cb-4ac7-84b9-96a6391fbabb,2024-01-30T09:15:34Z,U01131201,52.162.45.67,DELETE,5249,503,us-west-2,T0338,63761
fdba6d57-e45b-4e79-b7af-1da23b7c5fe1,2024-01-30T15:34:02Z,U01134711,78.20.118.149,PATCH,14351,0,eu-central-1,T0052,29080
c059302d-7c1c-4d12-a337-ace20b3479f1,2024-01-30T12:21:00Z,U01530708,249.245.107.219,DELETE,16317,0,us-west-2,T0022,59091
6f9dbbf4-acd7-48de-a652-a9c896a398d6,2024-01-30T16:33:54Z,U01590917,135.17.156.209,DELETE,696,0,ap-southeast-1,T0609,38212
ca1a8c36-049b-4cad-95d9-779505d87480,2024-01-30T11:38:34Z,U00650884,17.2.217.240,PUT,1909,400,ca-central-1,T0121,27005
ee8437e1-f74d-4576-a651-41589595b516,2024-01-30T06:49:22Z,U01290123,192.31.103.202,PUT,14765,400,ap-southeast-1,T0390,43658
33b87866-368c-419f-8124-7601fcd8b2c6,2024-01-30T01:23:10Z,U01665854,221.166.178.8,GET,3651,0,ap-southeast-1,T0476,6309
7d5c3123-5f24-414f-a1e0-ee78ca72dc93,2024-01-30T19:02:58Z,U01423171,177.123.185.244,POST,27882,403,us-west-2,T0782,63325
7d6a9a54-9c11-46bb-9bd3-1ade8917babc,2024-01-30T01:38:30Z,U01007315,158.139.215.30,GET,2439,503,ap-southeast-1,T0952,1213
9c92a1df-08d0-49e3-80a2-e7d6c9f2406f,2024-01-30T01:47:18Z,U01562745,94.124.167.254,POST,26628,0,us-east-2,T0328,45435
8c7ddbbb-b4d5-458b-a11e-dcc9fa41fa12,2024-01-30T02:25:05Z,U00136503,196.150.4.117,PATCH,28246,0,ap-south-1,T0583,12706
25a1f6b0-49b5-47f1-aaeb-16d877711dd6,2024-01-30T09:49:23Z,U01122115,71.10.92.101,GET,11826,404,eu-north-1,T0407,61759
1aea286e-b607-4107-a394-b86e46d57e1a,2024-01-30T14:11:19Z,U01800953,70.173.220.228,DELETE,12292,0,me-south-1,T0443,50794
e264c563-fbb4-46f0-b038-00521af9723f,2024-01-30T08:21:31Z,U00898722,17.121.104.3,PATCH,5212,0,eu-west-1,T0078,6266
f4f8be21-cd56-47ed-a724-f9c5d1c9356b,2024-01-30T17:16:37Z,U00430653,135.198.127.238,PATCH,12747,401,ca-central-1,T0996,7677
b5b75dfc-dd26-4c00-a3bc-61b045f932db,2024-01-30T04:28:30Z,U00627565,21.39.26.45,GET,14511,0,sa-east-1,T0691,59667
d26041e2-05ba-4ce2-9d59-46b2b24981e2,2024-01-30T07:55:03Z,U01367035,251.191.181.60,DELETE,12523,404,eu-west-1,T0956,42350
5698247a-07f1-4c7e-b264-78fe018cb604,2024-01-30T08:48:46Z,U00043876,232.61.253.5,GET,15665,0,me-south-1,T0290,6297
ce2fbe93-49fa-4d13-9a2d-dd55d327709b,2024-01-30T22:19:39Z,U01623996,18.6.40.151,PATCH,6484,400,us-east-2,T0445,53474
feca3a2b-56df-4990-aae6-71c3c8970819,2024-01-30T22:46:07Z,U00369678,182.109.21.148,POST,228,0,ap-northeast-1,T0788,5431
5ddb5901-d8cc-44a6-a4a0-13ecb6d7d5b4,2024-01-30T06:18:33Z,U01551561,125.25.99.43,PUT,11451,0,ap-south-1,T0818,58767
f337da83-36ee-4682-af71-04d514ba66dd,2024-01-30T03:55:27Z,U01437779,67.58.51.189,GET,22492,400,us-west-2,T0293,52912
56595b36-a31d-496d-bd98-161421ccfced,2024-01-30T07:14:58Z,U01371411,112.223.167.72,DELETE,14876,0,me-south-1,T0762,24975
267d36e9-35f2-469c-9807-de9caa094c7b,2024-01-30T02:26:50Z,U01754746,210.90.40.17,PUT,1762,0,ca-central-1,T0265,23849
beed2812-e48a-40ea-a20e-7226800be815,2024-01-30T07:37:41Z,U00127077,205.157.80.10,PUT,5048,0,eu-north-1,T0797,46184
a66c8c14-e7e6-447d-96f4-2da27070cdca,2024-01-30T17:30:14Z,U01166976,185.28.38.82,PATCH,5271,503,ap-south-1,T0128,21317
3d900b64-8c9d-4917-a991-d8cf469596bc,2024-01-30T21:57:17Z,U01534732,150.131.172.60,PUT,14474,0,us-east-1,T0556,38795
f8f34f84-b7fb-499e-8ed2-87d66c5c631e,2024-01-30T11:25:49Z,U00244455,47.252.123.151,PATCH,12526,0,us-west-2,T0625,37813
16d5976c-d167-4683-a9e8-d12857bfe8a1,2024-01-30T08:05:00Z,U00618948,231.11.242.23,PUT,13116,503,ap-northeast-1,T0701,35755
d30d8377-2a6f-478d-ba2e-8592eba1bc23,2024-01-30T10:46:07Z,U01983121,126.63.62.81,POST,19581,0,us-west-2,T0636,1990
bc034713-b867-4e44-8315-49d892ff3945,2024-01-30T03:20:30Z,U01774147,177.92.251.181,POST,23797,0,us-east-1,T0177,23861
a79867c7-4ef1-41b5-8741-b16b2f6f1e3a,2024-01-30T07:51:13Z,U00793922,137.85.171.31,DELETE,29859,0,us-east-2,T0537,32221
c9e64df9-8a9c-48fc-9b0f-0e61519644ad,2024-01-30T02:22:00Z,U01298539,45.195.214.248,PUT,6056,403,ap-south-1,T0904,3984
c9a32c0d-5989-4274-8970-7b6250a7de7f,2024-01-30T09:29:53Z,U00087572,116.57.60.231,PUT,13069,404,us-west-2,T0921,55499
2e870a72-bbf3-465f-be4f-44fde4b6eeca,2024-01-30T18:42:31Z,U01901113,250.232.122.163,DELETE,15031,0,eu-west-1,T0264,21909
ab64045c-5dd5-43ae-8fec-aeb08adda8f1,2024-01-30T12:52:08Z,U00959544,243.43.118.248,DELETE,13489,0,ap-northeast-1,T0936,41068
0f4a9ef2-dd85-4278-a932-0011c3b0f93f,2024-01-30T15:57:05Z,U00859550,193.131.60.26,DELETE,29004,403,eu-central-1,T0985,58194
db6d7280-e369-4892-b042-3ecf1f656172,2024-01-30T23:45:37Z,U01281393,184.8.68.103,DELETE,5820,404,us-west-2,T0689,49594
65d6c6fc-1471-44e5-a5f8-2686e73a074c,2024-01-30T22:52:44Z,U00467096,247.215.113.120,POST,9118,0,ap-southeast-1,T0244,3308
d91b06dd-fcd0-4e29-a1d1-05187a67950f,2024-01-30T21:09:33Z,U00191379,68.63.134.76,DELETE,6272,0,us-east-1,T0180,53960
aec2ef6c-9792-457c-93b2-5f89859e3727,2024-01-30T06:03:24Z,U01314174,46.22.196.189,PATCH,16322,403,us-east-1,T0559,170
9868e28e-44c4-4326-96ad-a021eca7e457,2024-01-30T03:06:34Z,U01672688,134.65.249.174,PATCH,19012,0,eu-north-1,T0152,11418
adcf78fc-211e-4784-a4c3-91fc07f98c5c,2024-01-30T03:18:18Z,U00921709,170.123.131.123,POST,26591,0,us-west-2,T0588,51445
a03d5051-7c2a-44a5-a39e-7aa29111e6a2,2024-01-30T06:59:11Z,U00531035,137.69.130.178,POST,26374,400,eu-central-1,T0120,45182
837f10bd-815a-496b-a00c-4a4dd82ec46f,2024-01-30T18:32:21Z,U00698320,60.208.49.139,PUT,17383,400,us-east-1,T0951,20034
ef2c02eb-2aed-4b9d-8c88-946bc48ea747,2024-01-30T01:47:01Z,U00728899,8.66.189.171,PATCH,29432,0,eu-north-1,T0965,46373
3171535a-ce21-4233-b6ea-a4daba775e94,2024-01-30T03:26:30Z,U01206442,32.178.93.70,DELETE,26205,0,me-south-1,T0710,10921
6520b79b-a95e-4fa5-b7e0-dae7ad8c7dca,2024-01-30T05:51:57Z,U00898402,177.130.184.3,POST,8522,0,eu-west-1,T0197,9567
e150ea9b-5cb2-48a2-88bf-77a4d034db45,2024-01-30T16:05:51Z,U00099874,36.220.81.36,PUT,971,0,sa-east-1,T0669,38664
0b68918e-2c53-448c-916f-447feea7252b,2024-01-30T10:07:09Z,U01458526,55.59.94.20,PATCH,2849,401,ap-south-1,T0016,19128
da661da8-77df-496e-ad66-417b80c7baf1,2024-01-30T23:30:37Z,U00878467,66.61.118.174,POST,27312,0,me-south-1,T0027,20593
3d4f87e6-2a68-404c-8c99-fcf1509155d9,2024-01-30T03:12:00Z,U01548570,142.52.137.173,DELETE,21467,404,us-west-2,T0087,65073
e3dc7cda-701b-494a-8d53-dc7044e8c7eb,2024-01-30T19:00:50Z,U00090314,233.60.69.26,PUT,24226,0,ap-south-1,T0883,57512
28a1797b-f289-4d7a-b67f-b62dcdc49d74,2024-01-30T21:06:20Z,U00399662,146.179.34.193,GET,13281,403,ap-south-1,T0101,39053
99ccd7c3-243c-434a-908f-70e579852cef,2024-01-30T12:29:59Z,U01520333,142.250.20.77,PUT,26269,0,eu-central-1,T0448,27302
22dbbcc8-6507-4d81-b331-8d05afe3bc3c,2024-01-30T18:24:33Z,U00312224,163.78.125.56,POST,8574,500,eu-north-1,T0324,22270
ee3c96c6-5ce9-40f6-a3d3-00e06a2f2d4d,2024-01-30T02:33:02Z,U00158982,148.5.235.164,POST,26697,503,eu-central-1,T0716,33415
4c531581-0006-4bd6-8cc0-447284720da7,2024-01-30T13:05:50Z,U01026436,185.188.86.2,PUT,18405,404,us-west-2,T0935,64217
523d6f47-528f-4ceb-aef1-a620d764736a,2024-01-30T02:50:22Z,U01755896,243.123.159.207,DELETE,25245,0,eu-west-1,T0871,175
2ee480dc-2303-4cfe-8f89-6de28108d465,2024-01-30T17:16:47Z,U00981906,243.181.249.142,PUT,13450,0,us-west-2,T0759,63916
943eeea6-b7e9-48d0-9535-af33eeaf8c7e,2024-01-30T11:49:10Z,U01086869,242.226.39.181,PUT,28536,0,us-east-2,T0902,2886
aa5d41c2-928b-48d7-ac4b-892cb23e2041,2024-01-30T16:33:21Z,U01611762,68.33.157.223,GET,9870,401,eu-north-1,T0016,55395
ddf12639-7ffc-4cc0-9f55-8cf33bea64c2,2024-01-30T01:16:38Z,U01632731,162.49.175.124,PUT,29607,0,me-south-1,T0991,5315
426893bf-72cc-4a39-8a81-5b3acf13c285,2024-01-30T20:45:32Z,U01642992,175.185.161.234,PATCH,3609,401,ap-south-1,T0019,11196
c4b88848-e865-4e3d-9ea1-14aaedf67265,2024-01-30T07:00:41Z,U00682490,212.144.14.110,POST,23037,400,us-west-2,T0830,22199
3ebcc611-1143-429d-bcda-3c9942684c1e,2024-01-30T01:44:51Z,U00789027,68.168.15.233,PATCH,21328,404,eu-west-1,T0265,51958
49c00ee1-1b2f-4131-82b9-2bbde927d92b,2024-01-30T04:29:59Z,U00694485,178.184.221.228,POST,4254,404,ap-northeast-1,T0901,22491
2967be5c-9c16-408c-ae73-829f31164b98,2024-01-30T15:40:11Z,U01948173,236.176.165.57,PUT,22812,503,ap-southeast-1,T0653,15423
ac0df3df-db24-45e3-b7d6-0908f31b6b98,2024-01-30T15:39:29Z,U00401570,16.172.252.79,POST,3184,0,us-east-1,T0378,46618
d4b3e04d-dbd1-45fe-8533-02da1a2679ae,2024-01-30T17:31:49Z,U01221178,229.162.217.175,PUT,18159,0,me-south-1,T0004,5687
cc6a5804-8ac2-407a-a36d-17d01457f9c7,2024-01-30T23:40:54Z,U00472086,17.151.162.129,PATCH,25158,403,ap-northeast-1,T0070,43678
d2ace52a-af77-46ec-9d1b-8aa765ce877f,2024-01-30T20:01:56Z,U01165993,40.125.28.202,POST,18340,401,eu-west-1,T0957,2374
b9eb335c-6055-4588-a5d2-9d03924fa868,2024-01-30T07:44:52Z,U01837810,232.77.206.13,DELETE,21828,0,me-south-1,T0686,49232
74d17177-2e77-41aa-898b-19db5bdf20df,2024-01-30T05:49:33Z,U01530624,120.146.61.138,GET,7956,400,eu-west-1,T0798,17426
c65b42ab-efb7-4da3-9a62-bee523135a6e,2024-01-30T12:48:01Z,U00101085,126.178.168.100,PUT,23077,0,us-east-1,T0268,46881
1546018e-6922-4681-952d-cc0853e9504b,2024-01-30T14:13:15Z,U00995040,8.165.185.87,PUT,25808,500,ap-southeast-1,T0247,22746
5cf77455-526b-4c3f-9b5f-f5d4d09b88bd,2024-01-30T07:44:45Z,U01390014,95.14.51.176,PUT,2642,0,us-east-2,T0770,49688
cae4059c-af31-485f-96c5-9dd0cdcf031c,2024-01-30T13:18:07Z,U00084792,18.205.124.234,PUT,6391,0,ca-central-1,T0978,48714
9dab90cc-79e0-4ff7-b7c6-bda432862adf,2024-01-30T12:13:38Z,U00740930,138.50.195.239,POST,3888,404,us-west-2,T0376,63140
31de9b88-56ad-4b77-96f7-b2dc99991bbd,2024-01-30T00:31:38Z,U00867111,145.149.136.46,PUT,28367,403,eu-central-1,T0093,44703
af27ce8d-8194-4555-80e9-9da5ad237ad9,2024-01-30T06:33:30Z,U01330481,96.250.238.9,PATCH,16972,403,us-east-2,T0547,54417
a6c9ce8f-ceb8-427d-b7c6-73ef247a2273,2024-01-30T03:38:35Z,U00593182,82.46.71.163,PATCH,12215,401,us-west-2,T0782,3397
abd15798-1a88-419d-bdc0-9fe0e38834f6,2024-01-30T08:22:20Z,U01775098,173.81.41.9,GET,7120,0,ap-south-1,T0924,6623
2580a78a-e1d4-4fd7-a3a1-342b15db8e9e,2024-01-30T13:29:54Z,U00779844,51.196.76.206,POST,11831,500,eu-north-1,T0434,15673
b697592e-74f8-498e-9921-555f0270dfca,2024-01-30T20:34:03Z,U00824887,170.22.81.174,GET,5026,500,eu-central-1,T0630,2902
43bb1425-5657-495a-b647-7c507ce9692d,2024-01-30T08:32:48Z,U01061398,103.174.156.79,PUT,8779,0,eu-west-1,T0620,58218
35770dd2-04b5-495f-b213-4a44161c227c,2024-01-30T10:36:18Z,U00370517,28.219.219.99,GET,18314,0,ap-northeast-1,T0461,49164
5cd13404-42ef-4396-951a-5b9e464010e1,2024-01-30T08:46:56Z,U01857736,234.151.216.193,POST,7128,404,us-west-2,T0413,50321
1243bc4e-3171-40af-bf0b-56ca35231ea5,2024-01-30T09:45:55Z,U01128905,199.147.47.36,PATCH,19037,404,ca-central-1,T0645,8728
7fc448d5-4a91-426c-b4da-09bb46358ac5,2024-01-30T13:49:38Z,U00318109,79.126.41.5,PUT,27497,0,us-east-2,T0317,44786
63c5d49f-a3c3-45ee-bf2a-f8b043e88ca4,2024-01-30T09:21:24Z,U01917141,114.157.1.98,GET,8597,404,ap-southeast-1,T0449,19314
787175b5-b343-4baa-81f5-2ae72b2654b4,2024-01-30T14:31:44Z,U01174497,108.80.146.210,PATCH,17604,0,ca-central-1,T0018,44898
0f27e83f-9938-4d71-a122-cf03b41f1f67,2024-01-30T10:45:31Z,U01443530,20.189.144.127,DELETE,22606,0,us-west-2,T0187,14988
02fc8628-7515-46f7-8d83-b2c978e76b96,2024-01-30T16:36:39Z,U00504599,160.105.166.92,POST,7048,403,us-east-1,T0890,37601
e3f03eef-aa88-474f-93aa-98329ed5248b,2024-01-30T14:17:49Z,U00552462,88.62.178.186,POST,18075,503,ca-central-1,T0166,18630
ffe4f7b8-917f-45a3-9510-c3641d3f65cf,2024-01-30T07:19:30Z,U00776358,184.70.164.177,GET,15182,0,eu-west-1,T0621,21053
59a22c06-871f-4395-a58f-ae24ea37c7c3,2024-01-30T04:44:07Z,U01093620,238.236.109.199,PATCH,12998,404,sa-east-1,T0145,19035
4efe1732-6789-4d03-9ad1-e97c69f574c7,2024-01-30T03:40:16Z,U00909872,15.132.179.149,POST,27844,0,ap-southeast-1,T0106,17256
0f8c48c5-fb21-4346-89e4-91fbf10dbb48,2024-01-30T15:18:27Z,U00169537,151.3.247.98,GET,11993,401,us-east-1,T0046,9837
70dd1401-e0df-4069-b093-04afb2398808,2024-01-30T19:03:30Z,U00947201,45.40.201.187,PUT,24047,0,ap-northeast-1,T0123,12392
3cbb8584-2296-41a1-b48a-f3595142eac6,2024-01-30T15:19:20Z,U01058006,205.208.232.176,POST,25550,0,eu-north-1,T0288,22479
